Key,en,es,fr
allRightsReserved,All rights reserved,"Todos los derechos reservados",Tous droits réservés
chooseLanguage,Choose language,Elija el idioma,Choisissez la langue
homeHero.featuresBadge,Check our latest features,Ver nuestras últimas características,Découvrez nos dernières fonctionnalités
homeHero.title,Innovative Tech Solutions for Your Business,Soluciones tecnológicas innovadoras para su negocio,Solutions technologiques innovantes pour votre entreprise
homeHero.subtitle,Empowering your business with cutting-edge technology.,Potencie su negocio con tecnología de vanguardia.,Donnez à votre entreprise les moyens de la technologie de pointe.
homeHero.cta.getStarted,Get Started,Empezar,Commencer
homeHero.cta.learnMore,Learn More,Saber más,En savoir plus
homeCompanies,"Join 4,000+ companies already growing with us","Únase a más de 4,000 empresas que ya están creciendo con nosotros","Rejoignez plus de 4 000 entreprises qui grandissent déjà avec nous"
features,Features,Características,Fonctionnalités
services,Services,Servicios,Prestations
homeService.title,Our Comprehensive Technology Service,Nuestro Servicio Tecnológico Integral,Notre service technologique complet
homeService.subtitle,We provide a wide range of tailored software solutions to meet your business needs.,Ofrecemos una amplia gama de soluciones de software personalizadas para satisfacer las necesidades de su negocio.,Nous fournissons une large gamme de solutions logicielles sur mesure pour répondre à vos besoins commerciaux.
faq.title,Frequently Asked Questions,Preguntas Frecuentes,Foire aux questions
faq.subtitle,"Got questions? We've got answers. Here are some of the most common inquiries we receive from our clients.","¿Tienes preguntas? Tenemos respuestas. Aquí tienes algunas de las consultas más comunes que recibimos de nuestros clientes.","Vous avez des questions? Nous avons des réponses. Voici quelques-unes des questions les plus fréquemment posées par nos clients."
faq.stillHaveQuestions,Still have questions?,¿Todavía tienes preguntas?,Vous avez encore des questions?
faq.stillHaveQuestionsContent,"Can't find the answer you're looking for? Please chat to our friendly team.","¿No encuentras la respuesta que buscas? Por favor, chatea con nuestro amable equipo.","Vous ne trouvez pas la réponse que vous cherchez? Veuillez discuter avec notre équipe sympathique."
faq.cta.getInTouch,Get in Touch,Contactar,Entrer en contact
# Services
services.custom.title,Custom Software Development for Unique Business Needs,Desarrollo de software personalizado para necesidades comerciales únicas,Développement de logiciels personnalisés pour des besoins commerciaux uniques
services.custom.description,"We provide tailored software solutions designed to meet the specific requirements of your business, ensuring optimal performance and scalability.","Ofrecemos soluciones de software personalizadas diseñadas para satisfacer los requisitos específicos de su negocio, garantizando un rendimiento y escalabilidad óptimos.","Nous fournissons des solutions logicielles sur mesure conçues pour répondre aux exigences spécifiques de votre entreprise, garantissant des performances et une évolutivité optimales."
services.strategic.title,"Strategic IT Consulting for Enhanced Efficiency","Consultoría estratégica de TI para una mayor eficiencia","Conseil stratégique en TI pour une efficacité accrue"
services.strategic.description,"Our expert consultants offer strategic advice and insights to help you optimize your IT infrastructure, improve processes, and achieve your business goals.","Nuestros consultores expertos ofrecen asesoramiento estratégico y conocimientos para ayudarlo a optimizar su infraestructura de TI, mejorar procesos y alcanzar sus objetivos comerciales.","Nos consultants experts offrent des conseils stratégiques et des informations pour vous aider à optimiser votre infrastructure informatique, améliorer vos processus et atteindre vos objectifs commerciaux."
services.digital.title,"Digital Transformation for Future-Ready Operations","Transformación digital para operaciones preparadas para el futuro","Transformation numérique pour des opérations prêtes pour l'avenir"
services.digital.description,"We help businesses transition to the digital age by implementing cutting-edge technologies and strategies that drive innovation and operational excellence.","Ayudamos a las empresas a hacer la transición a la era digital mediante la implementación de tecnologías y estrategias de vanguardia que impulsan la innovación y la excelencia operativa.","Nous aidons les entreprises à passer à l'ère numérique en mettant en œuvre des technologies et des stratégies de pointe qui favorisent l'innovation et l'excellence opérationnelle."
services.cloud.title,"Cloud Solutions and Services for Scalability and Security","Soluciones y servicios en la nube para escalabilidad y seguridad","Solutions et services cloud pour la scalabilité et la sécurité"
services.cloud.description,"Our cloud services include migration, management, and optimization, enabling your business to scale efficiently while maintaining high security and performance standards.","Nuestros servicios en la nube incluyen migración, gestión y optimización, lo que permite a su empresa escalar de manera eficiente manteniendo altos estándares de seguridad y rendimiento.","Nos services cloud comprennent la migration, la gestion et l'optimisation, permettant à votre entreprise de se développer efficacement tout en maintenant des normes de sécurité et de performance élevées."
services.mobile.title,"Mobile App Development for Engaging User Experiences","Desarrollo de aplicaciones móviles para experiencias de usuario atractivas","Développement d'applications mobiles pour des expériences utilisateur engageantes"
services.mobile.description,"We design and develop intuitive mobile applications that enhance user engagement and deliver seamless experiences across all devices and platforms.","Diseñamos y desarrollamos aplicaciones móviles intuitivas que mejoran la participación del usuario y ofrecen experiencias fluidas en todos los dispositivos y plataformas.","Nous concevons et développons des applications mobiles intuitives qui améliorent l'engagement des utilisateurs et offrent des expériences fluides sur tous les appareils et plateformes."
services.cyber.title,"Cybersecurity Solutions to Protect Your Digital Assets","Soluciones de ciberseguridad para proteger sus activos digitales","Solutions de cybersécurité pour protéger vos actifs numériques"
services.cyber.description,"Our comprehensive cybersecurity services safeguard your business against cyber threats, ensuring the confidentiality, integrity, and availability of your data.","Nuestros servicios integrales de ciberseguridad protegen su empresa contra amenazas cibernéticas, garantizando la confidencialidad, integridad y disponibilidad de sus datos.","Nos services de cybersécurité complets protègent votre entreprise contre les menaces cybernétiques, garantissant la confidentialité, l'intégrité et la disponibilité de vos données."
# FAQs
faq.one.title,"What types of businesses do you work with?","¿Con qué tipos de empresas trabajan?","Avec quels types d'entreprises travaillez-vous?"
faq.one.content,"We work with a diverse range of businesses, from startups to large enterprises, across various industries including finance, healthcare, retail, and technology.","Trabajamos con una amplia gama de empresas, desde startups hasta grandes empresas, en diversas industrias como finanzas, salud, comercio minorista y tecnología.","Nous travaillons avec une gamme diversifiée d'entreprises, des startups aux grandes entreprises, dans divers secteurs, notamment la finance, la santé, le commerce de détail et la technologie."
faq.two.title,"How long does it take to develop custom software?",¿Cuánto tiempo se tarda en desarrollar software personalizado?,"Combien de temps faut-il pour développer un logiciel personnalisé?"
faq.two.content,"The timeline for developing custom software varies based on the complexity and scope of the project. Typically, it can take anywhere from a few weeks to several months.","El cronograma para desarrollar software personalizado varía según la complejidad y el alcance del proyecto. Por lo general, puede llevar desde unas semanas hasta varios meses.","Le calendrier de développement de logiciels personnalisés varie en fonction de la complexité et de la portée du projet. En général, cela peut prendre de quelques semaines à plusieurs mois."
faq.three.title,"What is your process for IT consulting?",¿Cuál es su proceso para la consultoría de TI?,"Quel est votre processus de conseil en TI?"
faq.three.content,"Our IT consulting process involves an initial assessment of your current IT infrastructure, followed by strategic planning and implementation of tailored solutions to enhance efficiency and achieve your business goals.","Nuestro proceso de consultoría de TI implica una evaluación inicial de su infraestructura de TI actual, seguida de la planificación estratégica e implementación de soluciones personalizadas para mejorar la eficiencia y alcanzar sus objetivos comerciales.","Notre processus de conseil en TI implique une évaluation initiale de votre infrastructure informatique actuelle, suivie de la planification stratégique et de la mise en œuvre de solutions sur mesure pour améliorer l'efficacité et atteindre vos objectifs commerciaux."
faq.four.title,"Do you offer support and maintenance for the solutions you provide?","¿Ofrecen soporte y mantenimiento para las soluciones que proporcionan?","Fournissez-vous un support et une maintenance pour les solutions que vous fournissez?"
faq.four.content,"Yes, we offer comprehensive support and maintenance services to ensure that our solutions continue to operate smoothly and efficiently, minimizing downtime and addressing any issues promptly.","Sí, ofrecemos servicios integrales de soporte y mantenimiento para garantizar que nuestras soluciones sigan funcionando de manera fluida y eficiente, minimizando el tiempo de inactividad y abordando cualquier problema de manera oportuna.","Oui, nous proposons des services de support et de maintenance complets pour garantir que nos solutions continuent de fonctionner de manière fluide et efficace, minimisant les temps d'arrêt et traitant rapidement tout problème."
faq.five.title,"How do you ensure the security of our data?",¿Cómo garantizan la seguridad de nuestros datos?,"Comment assurez-vous la sécurité de nos données?"
faq.five.content,"We prioritize cybersecurity by implementing robust security measures, including encryption, secure access controls, and regular security audits, to protect your data from threats and breaches.","Priorizamos la ciberseguridad mediante la implementación de medidas de seguridad sólidas, que incluyen cifrado, controles de acceso seguros y auditorías de seguridad regulares, para proteger sus datos de amenazas y brechas.","Nous accordons la priorité à la cybersécurité en mettant en œuvre des mesures de sécurité robustes, y compris le cryptage, les contrôles d'accès sécurisés et les audits de sécurité réguliers, pour protéger vos données contre les menaces et les violations."
faq.six.title,"Can you help with migrating our existing systems to the cloud?",¿Pueden ayudar con la migración de nuestros sistemas existentes a la nube?,"Pouvez-vous aider à migrer nos systèmes existants vers le cloud?"
faq.six.content,"Absolutely. Our cloud migration services are designed to help you transition seamlessly to the cloud, ensuring minimal disruption to your operations while maximizing the benefits of scalability, flexibility, and cost-efficiency.","Absolutamente. Nuestros servicios de migración a la nube están diseñados para ayudarlo a hacer la transición de manera fluida a la nube, garantizando una interrupción mínima en sus operaciones y maximizando los beneficios de escalabilidad, flexibilidad y rentabilidad.","Absolument. Nos services de migration vers le cloud sont conçus pour vous aider à